{
  "dataStores": [
    {
      "key": "72A253AA461A",
      "groupKey": "ROOTGROUPKEY",
      "name": "Sites to Contact ",
      "type": "simple",
      "documents": [
        {
          "key": "F34166416B3A",
          "name": "data",
          "data": "{\n \"data\": [\n  {\"siteName\": \"HQ\", \"contactName\": \"hq@mycompany.com\" },\n  {\"siteName\": \"Florida\", \"contactName\": \"florida@mycompany.com\" }\n]\n}"
        }
      ]
    },
    {
      "key": "91456A7D9190",
      "groupKey": "ROOTGROUPKEY",
      "name": "Kiosk Vector DS",
      "type": "vector",
      "documents": [
        {
          "key": "3F9F06F3EBD5",
          "name": "package",
          "data": "I need to deliver a package.\nI am supposed to deliver a package.\nI have a parcel to deliver.\nI must deliver a package.\nI am tasked with delivering a package. \nI have a delivery to make. I need to drop off a package. \nI am responsible for delivering a package. \nI have a package that needs to be delivered. \nI am required to deliver a package."
        },
        {
          "key": "DBC6BB93D35F",
          "name": "meeting",
          "data": "I came here for a meeting with Jane.\nI showed up since I have a meeting scheduled with Jane.\nI am here because I need to meet with Jane.\nI arrived due to my meeting with Jane.\nI reached here because I have an appointment with Jane.\nI came because I have a scheduled meeting with Jane.\nI got here because I have to meet Jane.\nI am present because I have a meeting with Jane.\nI made it here because I have a meeting with Jane.\nI arrived here because I need to attend a meeting with Jane."
        }
      ]
    }
  ]
}