{
  "microServices": [
    {
      "key": "3FF53D60134E",
      "groupKey": "ROOTGROUPKEY",
      "groupName": "Root",
      "name": "Gapi-Vector",
      "online": true,
      "lastSeenDtm": 1721691265166
    },
    {
      "key": "C40CC68F0E76",
      "groupKey": "ROOTGROUPKEY",
      "groupName": "Root",
      "name": "Gapi-PiperTTS",
      "online": true,
      "lastSeenDtm": 1721691265125
    },
    {
      "key": "0B34504917AE",
      "groupKey": "ROOTGROUPKEY",
      "groupName": "Root",
      "name": "Gapi-Whisper",
      "online": true,
      "lastSeenDtm": 1721691265126
    },
    {
      "key": "C87E7309FCDA",
      "groupKey": "ROOTGROUPKEY",
      "groupName": "Root",
      "name": "Gapi-Ollama",
      "online": false,
      "lastSeenDtm": 1721690581689
    },
    {
      "key": "2EF1510C9890",
      "groupKey": "ROOTGROUPKEY",
      "groupName": "Root",
      "name": "Gapi-Img2Text",
      "online": false,
      "lastSeenDtm": 0
    },
    {
      "key": "0DFD03265647",
      "groupKey": "ROOTGROUPKEY",
      "groupName": "Root",
      "name": "My Micro Service",
      "online": false,
      "lastSeenDtm": 0
    }
  ]
}