{
  "workflows": [
    {
      "key": "4883108D9CA4",
      "groupKey": "ROOTGROUPKEY",
      "name": "Tip #1: Hello World",
      "nodeDataArray": [
        {
          "key": "CF814350A6A5",
          "text": "Text to Speech",
          "nodeType": "gapiTextToSpeech",
          "category": "standard",
          "loc": "-470 -170",
          "imgSrc": "assets/img/integrations/text-to-speech-med.png",
          "color": "#ffffff",
          "textSpeech": "${textSpeech}",
          "target": "requestingClient"
        },
        {
          "key": "4C0CE414158E",
          "text": "Note",
          "nodeType": "note",
          "category": "note",
          "loc": "-670 -410",
          "imgSrc": "",
          "color": "#ffffff",
          "note": "1) Make sure the Gapi-PiperTTS Micro Service is online\n2) Enable the Workflow (Top Right)\n3) Double click the Text to Speech Node below\n4) Click the Test button\n\nYou should hear \"Hello World\" in your browser."
        },
        {
          "key": "DEDF3402BE86",
          "text": "Note",
          "nodeType": "note",
          "category": "note",
          "loc": "-150 -180",
          "imgSrc": "",
          "color": "#ffffff",
          "note": "You can change the \"textSpeech\" json value in the Testing box and Test away!\n\nex: {\"textSpeech\":\"I Love Gapi!\"}"
        },
        {
          "key": "C23F847FAD2E",
          "text": "Note",
          "nodeType": "note",
          "category": "note",
          "loc": "-670 50",
          "imgSrc": "",
          "color": "#ffffff",
          "note": "Navigating the workflow:\n- Right click to \"pan\" around\n- Ctrl + wheelmouse to zoom (else buttons on bottom left)\n- Left click hold and drag to multi-select\n- Standard hotkeys for copy and paste\n"
        }
      ],
      "linkDataArray": [],
      "runStatus": "idle"
    },
    {
      "key": "249C65374810",
      "groupKey": "ROOTGROUPKEY",
      "name": "Use Case: GenAI Kiosk",
      "nodeDataArray": [
        {
          "key": "74EE56AAE982",
          "text": "Speech to Text",
          "nodeType": "gapiSpeechToText",
          "category": "standard",
          "loc": "170 -240",
          "imgSrc": "assets/img/integrations/speech-to-text-med.png",
          "color": "#ffffff"
        },
        {
          "key": "20057BB88F3A",
          "text": "Slack Response",
          "nodeType": "webHook",
          "category": "standard",
          "loc": "1530 -330",
          "imgSrc": "assets/img/integrations/webHook-med.png",
          "color": "#ffffff",
          "webHookHttpVerb": "POST"
        },
        {
          "key": "2E829BADEE7B",
          "text": "TTS the Response",
          "nodeType": "gapiTextToSpeech",
          "category": "standard",
          "loc": "1740 50",
          "imgSrc": "assets/img/integrations/text-to-speech-med.png",
          "color": "#ffffff",
          "speechText": "They said: ${employeeResponse}",
          "textSpeech": "They said: ${employeeResponse}",
          "target": "allClients"
        },
        {
          "key": "753DC8340C5E",
          "text": "Msg Employee",
          "nodeType": "slack",
          "category": "standard",
          "credentialKey": "DB03689C2558",
          "loc": "1270 -500",
          "imgSrc": "assets/img/integrations/slack-med.png",
          "color": "#ffffff",
          "slackTargetUser": "${targetUser}",
          "message": "Someone is here for ${requestedPerson}. They said: \"${speechText}\". What should I tell them?"
        },
        {
          "key": "-9",
          "text": "Acknowledge Person",
          "nodeType": "gapiTextToSpeech",
          "category": "standard",
          "loc": "1090 -500",
          "imgSrc": "assets/img/integrations/text-to-speech-med.png",
          "color": "#ffffff",
          "speechText": "Got it. I\u0027ve messaged ${requestedPerson}. One second please.",
          "textSpeech": "Got it. I\u0027ve messaged ${requestedPerson}. One second please.",
          "target": "requestingClient"
        },
        {
          "key": "E1A494A96FF6",
          "text": "Flag Response",
          "nodeType": "set",
          "category": "standard",
          "loc": "1740 -120",
          "imgSrc": "assets/img/integrations/set-med.png",
          "color": "#ffffff",
          "setPushField": "employeeResponse",
          "setValue": "${event-\u003etext}"
        },
        {
          "key": "B89734AB1176",
          "text": "Request?",
          "nodeType": "switch",
          "category": "switch",
          "loc": "400 -240",
          "imgSrc": "assets/img/integrations/switch-med.png",
          "color": "#ffffff",
          "switchedField": "speechText",
          "switchValue1": ".toLowerCase().contains(\"meeting\")",
          "switchValue2": ".toLowerCase().contains(\"package\")",
          "switchValue3": ".toLowerCase().contains(\"where\")",
          "switchValue4": ".toLowerCase().contains(\"help\")",
          "switchValue5": "*"
        },
        {
          "key": "E380F0C9AA54",
          "text": "Msg Employee",
          "nodeType": "slack",
          "category": "standard",
          "credentialKey": "DB03689C2558",
          "loc": "1090 -330",
          "imgSrc": "assets/img/integrations/slack-med.png",
          "color": "#ffffff",
          "slackTargetUser": "${targetUser}",
          "message": "Someone is here to drop off package. They said:  \"${speechText}\". What should I tell them?"
        },
        {
          "key": "71C496201FE5",
          "text": "Tell App",
          "nodeType": "webResponse",
          "category": "standard",
          "loc": "910 -500",
          "imgSrc": "assets/img/integrations/webResponse-med.png",
          "color": "#ffffff",
          "responseData": "",
          "target": "allClients"
        },
        {
          "key": "728A89CB09F1",
          "text": "Tell App",
          "nodeType": "webResponse",
          "category": "standard",
          "loc": "1740 240",
          "imgSrc": "assets/img/integrations/webResponse-med.png",
          "color": "#ffffff",
          "responseData": "",
          "target": "allClients"
        },
        {
          "key": "850E2E5B42BE",
          "text": "If Msg for This Thread?",
          "nodeType": "if",
          "category": "if",
          "loc": "1550 -120",
          "imgSrc": "assets/img/integrations/if-med.png",
          "color": "#ffffff",
          "ifExpression": "${event-\u003echannel} \u003d\u003d \"C076LDF2RAQ\" \u0026\u0026 (${event-\u003etext}.toLowerCase().startsWith(\"someone is here\") \u003d\u003d false)"
        },
        {
          "key": "A8AA228EC15F",
          "text": "Tell App",
          "nodeType": "webResponse",
          "category": "standard",
          "loc": "730 -330",
          "imgSrc": "assets/img/integrations/webResponse-med.png",
          "color": "#ffffff",
          "responseData": "",
          "target": "allClients"
        },
        {
          "key": "0988FB8B8FBF",
          "text": "Msg Employee",
          "nodeType": "slack",
          "category": "standard",
          "credentialKey": "DB03689C2558",
          "loc": "1090 30",
          "imgSrc": "assets/img/integrations/slack-med.png",
          "color": "#ffffff",
          "slackTargetUser": "${targetUser}",
          "message": "Someone is here and needs some help.  They said: ${speechText}. What should I tell them?"
        },
        {
          "key": "F9C4AD8C0FFE",
          "text": "Acknowledge Person",
          "nodeType": "gapiTextToSpeech",
          "category": "standard",
          "loc": "910 -330",
          "imgSrc": "assets/img/integrations/text-to-speech-med.png",
          "color": "#ffffff",
          "speechText": "Got it. Can you place the package by the kiosk please?",
          "textSpeech": "Got it. Can you place the packages by the kiosk please?",
          "target": "requestingClient"
        },
        {
          "key": "E9E7A0DCD23F",
          "text": "Tell App",
          "nodeType": "webResponse",
          "category": "standard",
          "loc": "730 30",
          "imgSrc": "assets/img/integrations/webResponse-med.png",
          "color": "#ffffff",
          "responseData": "",
          "target": "allClients"
        },
        {
          "key": "683DFF04CAE2",
          "text": "Acknowledge Person",
          "nodeType": "gapiTextToSpeech",
          "category": "standard",
          "loc": "910 30",
          "imgSrc": "assets/img/integrations/text-to-speech-med.png",
          "color": "#ffffff",
          "speechText": "Got it. I\u0027m messaging the team. One moment please.",
          "textSpeech": "Let me get someone to help you.",
          "target": "requestingClient"
        },
        {
          "key": "6AB2FE59EA94",
          "text": "I have a badge.",
          "nodeType": "noop",
          "category": "standard",
          "loc": "1090 410",
          "imgSrc": "assets/img/integrations/noop-med.png",
          "color": "#ffffff"
        },
        {
          "key": "AFC7789B136C",
          "text": "Text to Speech",
          "nodeType": "gapiTextToSpeech",
          "category": "standard",
          "loc": "910 -150",
          "imgSrc": "assets/img/integrations/text-to-speech-med.png",
          "color": "#ffffff",
          "textSpeech": "${textSpeech}"
        },
        {
          "key": "3433B422C1A1",
          "text": "Switch",
          "nodeType": "switch",
          "category": "switch",
          "loc": "730 270",
          "imgSrc": "assets/img/integrations/switch-med.png",
          "color": "#ffffff",
          "switchedField": "speechText",
          "switchValue1": ".toLowerCase().contains(\"hello\")",
          "switchValue2": "*",
          "switchValue3": "",
          "switchValue4": "",
          "switchValue5": ""
        },
        {
          "key": "CC6FFC7189A7",
          "text": "Say Hi Back",
          "nodeType": "gapiTextToSpeech",
          "category": "standard",
          "loc": "1090 230",
          "imgSrc": "assets/img/integrations/text-to-speech-med.png",
          "color": "#ffffff",
          "speechText": "Got it. I\u0027ve messaged ${requestedPerson}. One second please.",
          "textSpeech": "Hi There. How can I help you?",
          "target": "requestingClient"
        },
        {
          "key": "F5304C56D206",
          "text": "Tell App",
          "nodeType": "webResponse",
          "category": "standard",
          "loc": "730 -150",
          "imgSrc": "assets/img/integrations/webResponse-med.png",
          "color": "#ffffff",
          "responseData": "",
          "target": "allClients"
        },
        {
          "key": "B34190BA7156",
          "nodeType": "noop",
          "category": "standard",
          "loc": "1540 240",
          "imgSrc": "assets/img/integrations/noop-med.png",
          "color": "#ffffff"
        },
        {
          "key": "A18CF05FDA3F",
          "text": "Set",
          "nodeType": "set",
          "category": "standard",
          "loc": "730 -500",
          "imgSrc": "assets/img/integrations/set-med.png",
          "color": "#ffffff",
          "setPushField": "requestedPerson",
          "setValue": "jane"
        }
      ],
      "linkDataArray": [
        {
          "key": "54B78BFE120D",
          "routeType": "normal",
          "curveType": "none",
          "curviness": 0,
          "label": "",
          "from": "-9",
          "to": "753DC8340C5E",
          "fromPort": "r",
          "toPort": "l"
        },
        {
          "key": "F79BE2B39E01",
          "routeType": "orthogonal",
          "curveType": "none",
          "curviness": 0,
          "label": "",
          "from": "2E829BADEE7B",
          "to": "728A89CB09F1",
          "fromPort": "r",
          "toPort": "l"
        },
        {
          "key": "52C01F630E06",
          "routeType": "orthogonal",
          "curveType": "none",
          "curviness": 0,
          "label": "",
          "from": "20057BB88F3A",
          "to": "850E2E5B42BE",
          "fromPort": "r",
          "toPort": "l"
        },
        {
          "key": "368F58F1533C",
          "routeType": "orthogonal",
          "curveType": "none",
          "curviness": 0,
          "label": "",
          "from": "E1A494A96FF6",
          "to": "2E829BADEE7B",
          "fromPort": "r",
          "toPort": "l"
        },
        {
          "key": "524F6FEF51D2",
          "routeType": "normal",
          "curveType": "none",
          "curviness": 0,
          "label": "",
          "from": "850E2E5B42BE",
          "to": "E1A494A96FF6",
          "fromPort": "true",
          "toPort": "l",
          "context": "true"
        },
        {
          "key": "29E73B9FCBC8",
          "routeType": "normal",
          "curveType": "none",
          "curviness": 0,
          "label": "",
          "from": "A8AA228EC15F",
          "to": "F9C4AD8C0FFE",
          "fromPort": "r",
          "toPort": "l"
        },
        {
          "key": "FEE96487B516",
          "routeType": "normal",
          "curveType": "none",
          "curviness": 0,
          "label": "",
          "from": "F9C4AD8C0FFE",
          "to": "E380F0C9AA54",
          "fromPort": "r",
          "toPort": "l"
        },
        {
          "key": "775B2CAD2238",
          "routeType": "normal",
          "curveType": "none",
          "curviness": 0,
          "label": "",
          "from": "E9E7A0DCD23F",
          "to": "683DFF04CAE2",
          "fromPort": "r",
          "toPort": "l"
        },
        {
          "key": "0846992023CE",
          "routeType": "normal",
          "curveType": "none",
          "curviness": 0,
          "label": "",
          "from": "683DFF04CAE2",
          "to": "0988FB8B8FBF",
          "fromPort": "r",
          "toPort": "l"
        },
        {
          "key": "85B2E321C94B",
          "routeType": "normal",
          "curveType": "none",
          "curviness": 0,
          "label": "Package",
          "from": "B89734AB1176",
          "to": "A8AA228EC15F",
          "fromPort": "B",
          "toPort": "l",
          "context": "B"
        },
        {
          "key": "256E9E347950",
          "routeType": "normal",
          "curveType": "none",
          "curviness": 0,
          "label": "",
          "from": "3433B422C1A1",
          "to": "6AB2FE59EA94",
          "fromPort": "B",
          "toPort": "l",
          "context": "B"
        },
        {
          "key": "E18FE310B4DF",
          "routeType": "normal",
          "curveType": "none",
          "curviness": 0,
          "label": "Where Is?",
          "from": "B89734AB1176",
          "to": "F5304C56D206",
          "fromPort": "C",
          "toPort": "l",
          "context": "C"
        },
        {
          "key": "4E315343082B",
          "routeType": "normal",
          "curveType": "none",
          "curviness": 0,
          "label": "",
          "from": "F5304C56D206",
          "to": "AFC7789B136C",
          "fromPort": "r",
          "toPort": "l"
        },
        {
          "key": "2E23F5EA5BA6",
          "routeType": "orthogonal",
          "curveType": "none",
          "curviness": 0,
          "label": "",
          "from": "850E2E5B42BE",
          "to": "B34190BA7156",
          "fromPort": "r",
          "toPort": "l",
          "context": "false"
        },
        {
          "key": "E435C1BC06C3",
          "routeType": "normal",
          "curveType": "none",
          "curviness": 0,
          "label": "",
          "from": "3433B422C1A1",
          "to": "CC6FFC7189A7",
          "fromPort": "r",
          "toPort": "l",
          "context": "A"
        },
        {
          "key": "410DCACD697E",
          "routeType": "normal",
          "curveType": "none",
          "curviness": 0,
          "label": "",
          "from": "A18CF05FDA3F",
          "to": "71C496201FE5",
          "fromPort": "r",
          "toPort": "l"
        },
        {
          "key": "A95E943FFDB5",
          "routeType": "normal",
          "curveType": "none",
          "curviness": 0,
          "label": "",
          "from": "71C496201FE5",
          "to": "-9",
          "fromPort": "r",
          "toPort": "l"
        },
        {
          "key": "05B57EBC4E3F",
          "routeType": "normal",
          "curveType": "none",
          "curviness": 0,
          "label": "Meeting",
          "from": "B89734AB1176",
          "to": "A18CF05FDA3F",
          "fromPort": "r",
          "toPort": "l",
          "context": "A"
        },
        {
          "key": "CAC5DAE99AED",
          "routeType": "normal",
          "curveType": "none",
          "curviness": 0,
          "label": "Help",
          "from": "B89734AB1176",
          "to": "E9E7A0DCD23F",
          "fromPort": "D",
          "toPort": "l",
          "context": "D"
        },
        {
          "key": "118428427A46",
          "routeType": "normal",
          "curveType": "none",
          "curviness": 0,
          "label": "",
          "from": "B89734AB1176",
          "to": "3433B422C1A1",
          "fromPort": "E",
          "toPort": "l",
          "context": "E"
        },
        {
          "key": "6DCCD3006C64",
          "routeType": "normal",
          "curveType": "none",
          "curviness": 0,
          "label": "",
          "from": "74EE56AAE982",
          "to": "B89734AB1176",
          "fromPort": "r",
          "toPort": "l"
        }
      ],
      "runStatus": "idle"
    },
    {
      "key": "3C14FFD1A859",
      "groupKey": "ROOTGROUPKEY",
      "name": "Tip #2: Run a Local Large Language Model",
      "nodeDataArray": [
        {
          "key": "1BC60310D883",
          "text": "Note",
          "nodeType": "note",
          "category": "note",
          "loc": "-620 40",
          "imgSrc": "",
          "color": "#ffffff",
          "note": "Next: Open it up again and click \"Open Client\". A new tab will spawn with a new thin client. Look at the code at https://github.com/GenAI-Nerds/Gapi"
        },
        {
          "key": "1B95E2B5B8CB",
          "text": "Note",
          "nodeType": "note",
          "category": "note",
          "loc": "-620 -430",
          "imgSrc": "",
          "color": "#ffffff",
          "note": "1) Make sure the Gapi-Ollama Micro Service is online\n2) Enable the Workflow (Top Right)\n3) Double click the GenAI LLM (Local) Node below\n4) Click the Test button\n\nLook at the results in the Resulting Data Output area\n "
        },
        {
          "key": "D6AB8408BA30",
          "text": "GenAI LLM (Local)",
          "nodeType": "genAiLlm",
          "category": "standard",
          "loc": "-420 -170",
          "imgSrc": "assets/img/integrations/genAiLlm-med.png",
          "color": "#ffffff",
          "genAiLlmType": "tinyllama:1.1b",
          "llmPrompt": "${llmPrompt}",
          "maxTokens": 20
        },
        {
          "key": "D78D614A2134",
          "text": "Note",
          "nodeType": "note",
          "category": "note",
          "loc": "-150 -180",
          "imgSrc": "",
          "color": "#ffffff",
          "note": "This Node talks to the Gapi-Ollama Micro Service which is a wrapper to the great, open source Ollama project. By changing the Model value in this Node the Micro Service will auto download that model and get it all ready for you. This may take some time. The model is written to ~/gapiData/Gapi-Ollama/models on the host machine."
        }
      ],
      "linkDataArray": [],
      "runStatus": "idle"
    },
    {
      "key": "0BD1CBD87376",
      "groupKey": "ROOTGROUPKEY",
      "name": "Tip #3: Streaming Speech to Text",
      "nodeDataArray": [
        {
          "key": "64E2C67FD340",
          "text": "Speech to Text",
          "nodeType": "gapiSpeechToText",
          "category": "standard",
          "loc": "-490 -140",
          "imgSrc": "assets/img/integrations/speech-to-text-med.png",
          "color": "#ffffff"
        },
        {
          "key": "BF74CCF12733",
          "text": "Note",
          "nodeType": "note",
          "category": "note",
          "loc": "-610 -380",
          "imgSrc": "",
          "color": "#ffffff",
          "note": "1) Make sure the Gapi-Whisper Micro Service is online\n2) Enable the Workflow (Top Right)\n3) Open the Speech to Text Node and click Open Speech Client\n4) Accept warnings, click Start \u0026 accept the browser\u0027s request\n5) Speak! The Debug Node label shows you the results.\n"
        },
        {
          "key": "D5885982C769",
          "text": "Debug",
          "nodeType": "noop",
          "category": "standard",
          "loc": "-290 -140",
          "imgSrc": "assets/img/integrations/noop-med.png",
          "color": "#ffffff"
        }
      ],
      "linkDataArray": [
        {
          "key": "-1",
          "routeType": "normal",
          "curveType": "none",
          "curviness": 0,
          "label": "",
          "from": "64E2C67FD340",
          "to": "D5885982C769",
          "fromPort": "r",
          "toPort": "l"
        }
      ],
      "runStatus": "idle"
    },
    {
      "key": "CEC13B916443",
      "groupKey": "ROOTGROUPKEY",
      "name": "Tip #4: Query a Vector Database Using Natural Language",
      "nodeDataArray": [
        {
          "key": "CA64EE33B329",
          "text": "Note",
          "nodeType": "note",
          "category": "note",
          "loc": "-570 -380",
          "imgSrc": "",
          "color": "#ffffff",
          "note": "1) Make sure the Gapi-Vector Micro Service is online\n2) Enable the Workflow (Top Right)\n3) If running Orin Nano 4GB then run \"docker kill gapi-ollama\" then run \"docker start gapi-vector\"\n4) Open Vector Query Node \u0026 set Data Store to \"Kiosk Vector DS\"\n5) Click Test"
        },
        {
          "key": "A8F7A49FFA69",
          "text": "Note",
          "nodeType": "note",
          "category": "note",
          "loc": "-570 90",
          "imgSrc": "",
          "color": "#ffffff",
          "note": "Open the Node and look at the Resulting Data Output. The query is firing against the vector Data Store which itself is a compilation of text documents (You can see it in Data Stores). The engine is responding to your query by citing the best document that matches. A query value of \"I would like to drop off a package please\" should yield a different path"
        },
        {
          "key": "1270DF05FA3F",
          "text": "Vector Query",
          "nodeType": "vectorQuery",
          "category": "standard",
          "loc": "-370 -130",
          "imgSrc": "assets/img/integrations/vectorQuery-med.png",
          "color": "#ffffff",
          "dataStoreKey": "91456A7D9190",
          "query": "${query}"
        },
        {
          "key": "6DC8B2801336",
          "text": "Switch",
          "nodeType": "switch",
          "category": "switch",
          "loc": "-170 -130",
          "imgSrc": "assets/img/integrations/switch-med.png",
          "color": "#ffffff",
          "switchedField": "matches-\u003ecitedDocument",
          "switchValue1": "\u003d\u003d \"package\"",
          "switchValue2": "\u003d\u003d \"meeting\"",
          "switchValue3": "*",
          "switchValue4": "",
          "switchValue5": ""
        },
        {
          "key": "A056DA55C27E",
          "nodeType": "noop",
          "category": "standard",
          "loc": "190 -150",
          "imgSrc": "assets/img/integrations/noop-med.png",
          "color": "#ffffff"
        },
        {
          "key": "9554ACB07B82",
          "nodeType": "noop",
          "category": "standard",
          "loc": "190 30",
          "imgSrc": "assets/img/integrations/noop-med.png",
          "color": "#ffffff"
        },
        {
          "key": "B2BC2F831180",
          "text": "Debug",
          "nodeType": "noop",
          "category": "standard",
          "loc": "190 -340",
          "imgSrc": "assets/img/integrations/noop-med.png",
          "color": "#ffffff"
        }
      ],
      "linkDataArray": [
        {
          "key": "-1",
          "routeType": "normal",
          "curveType": "none",
          "curviness": 0,
          "label": "",
          "from": "1270DF05FA3F",
          "to": "6DC8B2801336",
          "fromPort": "r",
          "toPort": "l"
        },
        {
          "key": "59418C72CC51",
          "routeType": "normal",
          "curveType": "none",
          "curviness": 0,
          "label": "Meeting",
          "from": "6DC8B2801336",
          "to": "A056DA55C27E",
          "fromPort": "B",
          "toPort": "l",
          "context": "B"
        },
        {
          "key": "9DC1B0B776AE",
          "routeType": "normal",
          "curveType": "none",
          "curviness": 0,
          "label": "Other",
          "from": "6DC8B2801336",
          "to": "9554ACB07B82",
          "fromPort": "C",
          "toPort": "l",
          "context": "C"
        },
        {
          "key": "8FEDB52A8D4F",
          "routeType": "normal",
          "curveType": "none",
          "curviness": 0,
          "label": "",
          "from": "6DC8B2801336",
          "to": "B2BC2F831180",
          "fromPort": "r",
          "toPort": "l",
          "context": "A"
        }
      ],
      "runStatus": "idle"
    },
    {
      "key": "C5EBC53A7D0E",
      "groupKey": "ROOTGROUPKEY",
      "name": "Tip #6 Calling Workflows From Outside Gapi Using Webhooks",
      "nodeDataArray": [
        {
          "key": "74A4F285636E",
          "text": "Webhook",
          "nodeType": "webHook",
          "category": "standard",
          "loc": "-580 -150",
          "imgSrc": "assets/img/integrations/webHook-med.png",
          "color": "#ffffff",
          "webHookHttpVerb": "POST"
        },
        {
          "key": "6EF2F2C027A7",
          "text": "Web Response",
          "nodeType": "webResponse",
          "category": "standard",
          "loc": "-320 -150",
          "imgSrc": "assets/img/integrations/webResponse-med.png",
          "color": "#ffffff",
          "responseData": "",
          "target": "requestingClient"
        },
        {
          "key": "584C7E04C75C",
          "text": "Note",
          "nodeType": "note",
          "category": "note",
          "loc": "-670 -400",
          "imgSrc": "",
          "color": "#ffffff",
          "note": "A Webhook let\u0027s a 3rd party application post data into a Node and thus start a Transaction within a Workflow. It is a standard http(s) GET or POST call and presumes a JSON body. If you want streaming integration and/or binary message support look at the Client code samples"
        },
        {
          "key": "1E9EF1013683",
          "text": "Note",
          "nodeType": "note",
          "category": "note",
          "loc": "-670 40",
          "imgSrc": "",
          "color": "#ffffff",
          "note": "Open the Node, set Http Verb to POST and copy the Webhook URL and issue the following curl command to test it. EXAMPLE:\ncurl -X POST -H \"Content-Type: application/json\" -d \u0027{\"currentState\": \"ALIVE\", \"value\": 20}\u0027 [PASTE_WEBHOOK_URL_HERE]"
        },
        {
          "key": "EC6FCC19FC31",
          "text": "Note",
          "nodeType": "note",
          "category": "note",
          "loc": "-60 -170",
          "imgSrc": "",
          "color": "#ffffff",
          "note": "A Web Response copies all working data in the Transaction back to the client. This is useful when decisions or data that the Workflow knows about is needed in the client."
        }
      ],
      "linkDataArray": [
        {
          "key": "6C098FDFE5AE",
          "routeType": "normal",
          "curveType": "none",
          "curviness": 0,
          "label": "",
          "from": "74A4F285636E",
          "to": "6EF2F2C027A7",
          "fromPort": "r",
          "toPort": "l"
        }
      ],
      "runStatus": "idle"
    },
    {
      "key": "70D6E08C2D58",
      "groupKey": "ROOTGROUPKEY",
      "name": "Tip #7 Workflows Calling Your Code / Model via Micro Service",
      "nodeDataArray": [
        {
          "key": "A3E084D32913",
          "text": "MicroService",
          "nodeType": "microService",
          "category": "standard",
          "loc": "-410 -120",
          "imgSrc": "assets/img/integrations/microService-med.png",
          "color": "#ffffff",
          "message": "${message}"
        },
        {
          "key": "375AE530C2B1",
          "text": "Note",
          "nodeType": "note",
          "category": "note",
          "loc": "-630 -380",
          "imgSrc": "",
          "color": "#ffffff",
          "note": "Go to Micro Services and the Gapi Docs to setup your own Micro Service which is a simple Python wrapper. It handles the communications, json + binary messaging, you just implement an on_message function.\n1) Enable the Workflow (Top Right) and open the Node\n2) Set Micro Service to: \"My Micro Service\" "
        },
        {
          "key": "57E42BF2D92A",
          "text": "Note",
          "nodeType": "note",
          "category": "note",
          "loc": "-630 90",
          "imgSrc": "",
          "color": "#ffffff",
          "note": "When this Node is called your code will be called. When you respond the data is appended into the Transaction and the flow continues. Set up your Micro Service, run it / connect it and then click Test."
        }
      ],
      "linkDataArray": [],
      "runStatus": "idle"
    },
    {
      "key": "9688CE17FB20",
      "groupKey": "ROOTGROUPKEY",
      "name": "Tip #5: Understanding Variables, Flow and Logic",
      "nodeDataArray": [
        {
          "key": "E4FA0C5721FC",
          "text": "Note",
          "nodeType": "note",
          "category": "note",
          "loc": "-870 -500",
          "imgSrc": "",
          "color": "#ffffff",
          "note": "As data is sent to a Node it appends it into (or starts) a Transaction. The Transaction has an array of NodeSteps each has the execution context of each Node (and resultingData) as it navigates the Workflow.\n1) Enable the Workflow (Top Right)\n"
        },
        {
          "key": "D7C73AFFF0E9",
          "text": "Set a Field",
          "nodeType": "set",
          "category": "standard",
          "loc": "-250 -290",
          "imgSrc": "assets/img/integrations/set-med.png",
          "color": "#ffffff",
          "setPushField": "currentState",
          "setValue": "IDLE"
        },
        {
          "key": "1D56DB60C8E2",
          "text": "Note",
          "nodeType": "note",
          "category": "note",
          "loc": "-870 -310",
          "imgSrc": "",
          "color": "#ffffff",
          "note": "To just append data into the Transaction use a Set Component.\n1) Open the Node\n2) Set the Push Field to\ncurrentState\n3) Set the Value Field to IDLE\n4) Click Test"
        },
        {
          "key": "E81328ABE4EB",
          "text": "Note",
          "nodeType": "note",
          "category": "note",
          "loc": "-870 -120",
          "imgSrc": "",
          "color": "#ffffff",
          "note": "When this Node fires a new NodeStep w/ resultData \u003d to what you asked for is appended. The key is all fields/values within all resultData within all previous NodeSteps are accessible to you to use. You can use javascript notation to access the values at runtime by replacing the hardcoded IDLE value with things like ${clientPostedStatus}"
        },
        {
          "key": "71E4751F2C01",
          "text": "Note",
          "nodeType": "note",
          "category": "note",
          "loc": "-220 -120",
          "imgSrc": "",
          "color": "#ffffff",
          "note": "In order to drive decisions you can also leverage existing data with the same notation plus javascript expressions. ${currentState} is how you could pull the value into an IF Component.\n${currentState) \u003d\u003d \"IDLE\"\nUse a Webhook or Micro Service to bring in any data you like. It\u0027s all json!"
        },
        {
          "key": "D44C053E2FEE",
          "text": "If state is IDLE",
          "nodeType": "if",
          "category": "if",
          "loc": "-30 -290",
          "imgSrc": "assets/img/integrations/if-med.png",
          "color": "#ffffff",
          "ifExpression": " ${currentState} \u003d\u003d \"IDLE\""
        },
        {
          "key": "B475A4C7BD8D",
          "nodeType": "noop",
          "category": "standard",
          "loc": "190 -460",
          "imgSrc": "assets/img/integrations/noop-med.png",
          "color": "#ffffff"
        },
        {
          "key": "51C3A16217FD",
          "text": "Debug",
          "nodeType": "noop",
          "category": "standard",
          "loc": "190 -270",
          "imgSrc": "assets/img/integrations/noop-med.png",
          "color": "#ffffff"
        }
      ],
      "linkDataArray": [
        {
          "key": "6CFDEC5626EB",
          "routeType": "normal",
          "curveType": "none",
          "curviness": 0,
          "label": "",
          "from": "D7C73AFFF0E9",
          "to": "D44C053E2FEE",
          "fromPort": "r",
          "toPort": "l"
        },
        {
          "key": "C815AF569423",
          "routeType": "normal",
          "curveType": "none",
          "curviness": 0,
          "label": "",
          "from": "D44C053E2FEE",
          "to": "B475A4C7BD8D",
          "fromPort": "true",
          "toPort": "l",
          "context": "true"
        },
        {
          "key": "314A0E07CFA8",
          "routeType": "normal",
          "curveType": "none",
          "curviness": 0,
          "label": "",
          "from": "D44C053E2FEE",
          "to": "51C3A16217FD",
          "fromPort": "r",
          "toPort": "l",
          "context": "false"
        }
      ],
      "runStatus": "idle"
    },
    {
      "key": "CAB70C5C6FCA",
      "groupKey": "ROOTGROUPKEY",
      "name": "Tip #8: Communications to Drive Workflows",
      "nodeDataArray": [
        {
          "key": "A21B5BA9C6F1",
          "text": "Slack",
          "nodeType": "slack",
          "category": "standard",
          "loc": "-690 -150",
          "imgSrc": "assets/img/integrations/slack-med.png",
          "color": "#ffffff",
          "slackTargetUser": "${targetUser}",
          "message": "${message}"
        },
        {
          "key": "3BF90A74B608",
          "text": "Twilio (SMS)",
          "nodeType": "twilio",
          "category": "standard",
          "credentialKey": "4D36160E44E2",
          "loc": "-690 -340",
          "imgSrc": "assets/img/integrations/twilio-med.png",
          "color": "#ffffff",
          "message": "${message}",
          "targetNumber": "${phoneNumber}"
        },
        {
          "key": "77438B0816C7",
          "text": "Note",
          "nodeType": "note",
          "category": "note",
          "loc": "-430 -550",
          "imgSrc": "",
          "color": "#ffffff",
          "note": "Send an email from within a workflow. For now we have a global credential for sending with Send Grid until someone blasts and we have to cancel it, so please be nice!\n1) Enable the Workflow (Top Right)\n2) Open Send Grid Node \u0026 change Credential to \"GAIN SendGrid\"\n3) Replace To Address, Subject, Body and click Test"
        },
        {
          "key": "1EE8263A1D12",
          "text": "Note",
          "nodeType": "note",
          "category": "note",
          "loc": "-430 -360",
          "imgSrc": "",
          "color": "#ffffff",
          "note": "Send an SMS text from within a workflow. For now we have a global credential for sending with Twillio. Be nice please!\n\n1) Enable the Workflow (Top Right)\n2) Open the Twilio Node change Credential to \"GAIN Twilio\"\n3) Replace Phone Number, Message \u0026 click Test"
        },
        {
          "key": "8E698E9FA429",
          "text": "Note",
          "nodeType": "note",
          "category": "note",
          "loc": "-430 -170",
          "imgSrc": "",
          "color": "#ffffff",
          "note": "Send \u0026 Receive Slack messages. Follow documentation to set this one up on your own system"
        },
        {
          "key": "BEB6C4507F8D",
          "text": "Send Grid (Email)",
          "nodeType": "sendGrid",
          "category": "standard",
          "credentialKey": "BC05FBABE636",
          "loc": "-690 -530",
          "imgSrc": "assets/img/integrations/sendGrid-med.png",
          "color": "#ffffff",
          "sendGridFromName": "gapi@ostream.com",
          "sendGridToAddress": "${toAdddress}",
          "sendGridSubject": "${subject}",
          "sendGridBody": "${body}"
        }
      ],
      "linkDataArray": [],
      "runStatus": "idle"
    }
  ]
}