{
  "credentials": [
     {
      "key": "BC05FBABE636",
      "name": "SendGrid",
      "credType": "simpleHook",
      "url": "https://api.sendgrid.com/v3/mail/send",
      "apiKey": "",
      "apiKeyEncrypted": "",
      "status": "confirmed"
    },
    {
      "key": "DB03689C2558",
      "name": "Slack",
      "credType": "simpleHook",
      "url": "",
      "apiKey": "",
      "apiKeyEncrypted": "",
      "status": "confirmed"
    },
    {
      "key": "4D36160E44E2",
      "name": "Twilio",
      "credType": "a",
      "url": "",
      "apiKey": "",
      "apiKeyEncrypted": "",
      "token": "",
      "accountId": "",
      "user": "",
      "status": "unconfirmed"
    },
    {
      "key": "1BCF282CA8C0",
      "name": "ChatGPT",
      "credType": "a",
      "url": "",
      "apiKey": "",
      "apiKeyEncrypted": "",
      "status": "unconfirmed"
    }    
  ]
}