{
  "credentials": [
     {
      "key": "BC05FBABE636",
      "name": "GAIN SendGrid",
      "credType": "simpleHook",
      "url": "https://api.sendgrid.com/v3/mail/send",
      "apiKey": "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",
      "apiKeyEncrypted": "mWSGE5vHJheTo+/jcvrNuK8xIqvaSWcPciwp71lcbTg/iINgDtVFQrVPIz+u/N5OZ3FYvmWNLgoEiaWUra8oWttSpwfjq4Eu",
      "status": "confirmed"
    },
    {
      "key": "DB03689C2558",
      "name": "GAIN Slack",
      "credType": "simpleHook",
      "url": "https://hooks.slack.com/services/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",
      "apiKey": "xoxp-981978898165-981978898405-7231814730292-01ee6e15ea17610d8c557ef9ecd0890f",
      "apiKeyEncrypted": "J52/59mFGwPEb1uydBcPdr4WL/4lNFKvh5/Z3DgAhIpG3I9WuPT1hRUPJuHngBoEITAnXVy3CpX7x7ka69wrUB7drb1SOS0w3cfbG3OGYb0\u003d",
      "status": "confirmed"
    },
    {
      "key": "4D36160E44E2",
      "name": "GAIN Twilio",
      "credType": "a",
      "url": "https://api.twilio.com/2010-04-01/Accounts/AC1dbc2c80af4bb1c99fe400ec68c712b7/Messages.json",
      "apiKey": "c42a5f5550656f6b932f0ee2f7d52316",
      "apiKeyEncrypted": "P98xevPRgO016MK26V0j7hBRaZbS4WFIOGmsLA2UyOSH/h+nfF7oOQ\u003d\u003d",
      "token": "c42a5f5550656f6b932f0ee2f7d52316",
      "accountId": "AC1dbc2c80af4bb1c99fe400ec68c712b7",
      "user": "+18446894904",
      "status": "unconfirmed"
    },
    {
      "key": "1BCF282CA8C0",
      "name": "GAIN ChatGPT",
      "credType": "a",
      "url": "https://api.openai.com/v1/chat/completions",
      "apiKey": "sk-proj-mWWsSeFYgJXLUbhRsoopT3BlbkFJC2KJl3imjAMo1sjqyuq9",
      "apiKeyEncrypted": "wf2qqAWoZHCwsu9NKCIi/9JA2B7CdTMiO6m7/tjciavYxLyP9I8KvmTxDTvR5ksvtqDfjyUy/6TFRxYknlVIKw\u003d\u003d",
      "status": "unconfirmed"
    }    
  ]
}