{
  "workflows": [
    {
      "key": "249C65374810",
      "name": "GenAI Kiosk",
      "nodeDataArray": [
        {
          "key": "74EE56AAE982",
          "text": "Speech to Text",
          "nodeType": "gapiSpeechToText",
          "category": "standard",
          "loc": "20 -240",
          "imgSrc": "assets/img/integrations/speech-to-text-med.png",
          "color": "#ffffff"
        },
        {
          "key": "20057BB88F3A",
          "text": "Slack Response",
          "nodeType": "webHook",
          "category": "standard",
          "loc": "1530 -330",
          "imgSrc": "assets/img/integrations/webHook-med.png",
          "color": "#ffffff",
          "webHookHttpVerb": "GET"
        },
        {
          "key": "2E829BADEE7B",
          "text": "TTS the Response",
          "nodeType": "gapiTextToSpeech",
          "category": "standard",
          "loc": "1740 50",
          "imgSrc": "assets/img/integrations/text-to-speech-med.png",
          "color": "#ffffff",
          "speechText": "They said: ${employeeResponse}",
          "textSpeech": "They said: ${employeeResponse}",
          "target": "allClients"
        },
        {
          "key": "753DC8340C5E",
          "text": "Msg Employee",
          "nodeType": "slack",
          "category": "standard",
          "credentialKey": "DB03689C2558",
          "loc": "1270 -500",
          "imgSrc": "assets/img/integrations/slack-med.png",
          "color": "#ffffff",
          "slackTargetUser": "${targetUser}",
          "message": "Someone is here for ${requestedPerson}. They said: \"${speechText}\". What should I tell them?"
        },
        {
          "key": "-9",
          "text": "Acknowledge Person",
          "nodeType": "gapiTextToSpeech",
          "category": "standard",
          "loc": "1090 -500",
          "imgSrc": "assets/img/integrations/text-to-speech-med.png",
          "color": "#ffffff",
          "speechText": "Got it. I\u0027ve messaged ${requestedPerson}. One second please.",
          "textSpeech": "Got it. I\u0027ve messaged ${requestedPerson}. One second please.",
          "target": "requestingClient"
        },
        {
          "key": "E1A494A96FF6",
          "text": "Flag Response",
          "nodeType": "set",
          "category": "standard",
          "loc": "1740 -120",
          "imgSrc": "assets/img/integrations/set-med.png",
          "color": "#ffffff",
          "setPushField": "employeeResponse",
          "setValue": "${event-\u003etext}"
        },
        {
          "key": "B89734AB1176",
          "text": "Request?",
          "nodeType": "switch",
          "category": "switch",
          "loc": "400 -240",
          "imgSrc": "assets/img/integrations/switch-med.png",
          "color": "#ffffff",
          "switchedField": "speechText",
          "switchValue1": ".toLowerCase().contains(\"meeting\")",
          "switchValue2": ".toLowerCase().contains(\"package\")",
          "switchValue3": ".toLowerCase().contains(\"where\")",
          "switchValue4": ".toLowerCase().contains(\"help\")",
          "switchValue5": "*"
        },
        {
          "key": "E380F0C9AA54",
          "text": "Msg Employee",
          "nodeType": "slack",
          "category": "standard",
          "credentialKey": "DB03689C2558",
          "loc": "1090 -330",
          "imgSrc": "assets/img/integrations/slack-med.png",
          "color": "#ffffff",
          "slackTargetUser": "${targetUser}",
          "message": "Someone is here to drop off package. They said:  \"${speechText}\". What should I tell them?"
        },
        {
          "key": "71C496201FE5",
          "text": "Tell App",
          "nodeType": "webResponse",
          "category": "standard",
          "loc": "910 -500",
          "imgSrc": "assets/img/integrations/webResponse-med.png",
          "color": "#ffffff",
          "responseData": "",
          "target": "requestingClient"
        },
        {
          "key": "728A89CB09F1",
          "text": "Tell App",
          "nodeType": "webResponse",
          "category": "standard",
          "loc": "1740 240",
          "imgSrc": "assets/img/integrations/webResponse-med.png",
          "color": "#ffffff",
          "responseData": "",
          "target": "allClients"
        },
        {
          "key": "850E2E5B42BE",
          "text": "If Msg for This Thread?",
          "nodeType": "if",
          "category": "if",
          "loc": "1550 -120",
          "imgSrc": "assets/img/integrations/if-med.png",
          "color": "#ffffff",
          "ifExpression": "${event-\u003echannel} \u003d\u003d \"C076LDF2RAQ\" \u0026\u0026 (${event-\u003etext}.toLowerCase().startsWith(\"someone is here\") \u003d\u003d false)"
        },
        {
          "key": "A8AA228EC15F",
          "text": "Tell App",
          "nodeType": "webResponse",
          "category": "standard",
          "loc": "730 -330",
          "imgSrc": "assets/img/integrations/webResponse-med.png",
          "color": "#ffffff",
          "responseData": "",
          "target": "requestingClient"
        },
        {
          "key": "0988FB8B8FBF",
          "text": "Msg Employee",
          "nodeType": "slack",
          "category": "standard",
          "credentialKey": "DB03689C2558",
          "loc": "1090 30",
          "imgSrc": "assets/img/integrations/slack-med.png",
          "color": "#ffffff",
          "slackTargetUser": "${targetUser}",
          "message": "Someone is here and needs some help.  They said: ${speechText}. What should I tell them?"
        },
        {
          "key": "F9C4AD8C0FFE",
          "text": "Acknowledge Person",
          "nodeType": "gapiTextToSpeech",
          "category": "standard",
          "loc": "910 -330",
          "imgSrc": "assets/img/integrations/text-to-speech-med.png",
          "color": "#ffffff",
          "speechText": "Got it. Can you place the package by the kiosk please?",
          "textSpeech": "Got it. Can you place the packages by the kiosk please?",
          "target": "requestingClient"
        },
        {
          "key": "E9E7A0DCD23F",
          "text": "Tell App",
          "nodeType": "webResponse",
          "category": "standard",
          "loc": "730 30",
          "imgSrc": "assets/img/integrations/webResponse-med.png",
          "color": "#ffffff",
          "responseData": "",
          "target": "requestingClient"
        },
        {
          "key": "683DFF04CAE2",
          "text": "Acknowledge Person",
          "nodeType": "gapiTextToSpeech",
          "category": "standard",
          "loc": "910 30",
          "imgSrc": "assets/img/integrations/text-to-speech-med.png",
          "color": "#ffffff",
          "speechText": "Got it. I\u0027m messaging the team. One moment please.",
          "textSpeech": "Let me get someone to help you.",
          "target": "requestingClient"
        },
        {
          "key": "6AB2FE59EA94",
          "text": "from a specific outcome perspective. ",
          "nodeType": "noop",
          "category": "standard",
          "loc": "1090 410",
          "imgSrc": "assets/img/integrations/noop-med.png",
          "color": "#ffffff"
        },
        {
          "key": "AFC7789B136C",
          "text": "Text to Speech",
          "nodeType": "gapiTextToSpeech",
          "category": "standard",
          "loc": "910 -150",
          "imgSrc": "assets/img/integrations/text-to-speech-med.png",
          "color": "#ffffff",
          "textSpeech": "${textSpeech}"
        },
        {
          "key": "3433B422C1A1",
          "text": "Switch",
          "nodeType": "switch",
          "category": "switch",
          "loc": "730 270",
          "imgSrc": "assets/img/integrations/switch-med.png",
          "color": "#ffffff",
          "switchedField": "speechText",
          "switchValue1": ".toLowerCase().contains(\"hello\")",
          "switchValue2": "*",
          "switchValue3": "",
          "switchValue4": "",
          "switchValue5": ""
        },
        {
          "key": "CC6FFC7189A7",
          "text": "Say Hi Back",
          "nodeType": "gapiTextToSpeech",
          "category": "standard",
          "loc": "1090 220",
          "imgSrc": "assets/img/integrations/text-to-speech-med.png",
          "color": "#ffffff",
          "speechText": "Got it. I\u0027ve messaged ${requestedPerson}. One second please.",
          "textSpeech": "Hi There. How can I help you?",
          "target": "requestingClient"
        },
        {
          "key": "F5304C56D206",
          "text": "Tell App",
          "nodeType": "webResponse",
          "category": "standard",
          "loc": "730 -150",
          "imgSrc": "assets/img/integrations/webResponse-med.png",
          "color": "#ffffff",
          "responseData": "",
          "target": "requestingClient"
        },
        {
          "key": "B34190BA7156",
          "nodeType": "noop",
          "category": "standard",
          "loc": "1540 240",
          "imgSrc": "assets/img/integrations/noop-med.png",
          "color": "#ffffff"
        },
        {
          "key": "A18CF05FDA3F",
          "text": "Set",
          "nodeType": "set",
          "category": "standard",
          "loc": "730 -500",
          "imgSrc": "assets/img/integrations/set-med.png",
          "color": "#ffffff",
          "setPushField": "requestedPerson",
          "setValue": "jane"
        },
        {
          "key": "0BB8575500A7",
          "text": " Vector Query - Path Select",
          "nodeType": "vectorQuery",
          "category": "standard",
          "loc": "210 -240",
          "imgSrc": "assets/img/integrations/vectorQuery-med.png",
          "color": "#ffffff",
          "dataStoreKey": "B1BD71635F7C",
          "query": "${speechText}"
        }
      ],
      "linkDataArray": [
        {
          "key": "54B78BFE120D",
          "routeType": "normal",
          "curveType": "none",
          "curviness": 0,
          "label": "",
          "from": "-9",
          "to": "753DC8340C5E",
          "fromPort": "r",
          "toPort": "l"
        },
        {
          "key": "F79BE2B39E01",
          "routeType": "orthogonal",
          "curveType": "none",
          "curviness": 0,
          "label": "",
          "from": "2E829BADEE7B",
          "to": "728A89CB09F1",
          "fromPort": "r",
          "toPort": "l"
        },
        {
          "key": "52C01F630E06",
          "routeType": "orthogonal",
          "curveType": "none",
          "curviness": 0,
          "label": "",
          "from": "20057BB88F3A",
          "to": "850E2E5B42BE",
          "fromPort": "r",
          "toPort": "l"
        },
        {
          "key": "368F58F1533C",
          "routeType": "orthogonal",
          "curveType": "none",
          "curviness": 0,
          "label": "",
          "from": "E1A494A96FF6",
          "to": "2E829BADEE7B",
          "fromPort": "r",
          "toPort": "l"
        },
        {
          "key": "524F6FEF51D2",
          "routeType": "normal",
          "curveType": "none",
          "curviness": 0,
          "label": "",
          "from": "850E2E5B42BE",
          "to": "E1A494A96FF6",
          "fromPort": "true",
          "toPort": "l",
          "context": "true"
        },
        {
          "key": "29E73B9FCBC8",
          "routeType": "normal",
          "curveType": "none",
          "curviness": 0,
          "label": "",
          "from": "A8AA228EC15F",
          "to": "F9C4AD8C0FFE",
          "fromPort": "r",
          "toPort": "l"
        },
        {
          "key": "FEE96487B516",
          "routeType": "normal",
          "curveType": "none",
          "curviness": 0,
          "label": "",
          "from": "F9C4AD8C0FFE",
          "to": "E380F0C9AA54",
          "fromPort": "r",
          "toPort": "l"
        },
        {
          "key": "775B2CAD2238",
          "routeType": "normal",
          "curveType": "none",
          "curviness": 0,
          "label": "",
          "from": "E9E7A0DCD23F",
          "to": "683DFF04CAE2",
          "fromPort": "r",
          "toPort": "l"
        },
        {
          "key": "0846992023CE",
          "routeType": "normal",
          "curveType": "none",
          "curviness": 0,
          "label": "",
          "from": "683DFF04CAE2",
          "to": "0988FB8B8FBF",
          "fromPort": "r",
          "toPort": "l"
        },
        {
          "key": "85B2E321C94B",
          "routeType": "normal",
          "curveType": "none",
          "curviness": 0,
          "label": "Package",
          "from": "B89734AB1176",
          "to": "A8AA228EC15F",
          "fromPort": "B",
          "toPort": "l",
          "context": "B"
        },
        {
          "key": "256E9E347950",
          "routeType": "normal",
          "curveType": "none",
          "curviness": 0,
          "label": "",
          "from": "3433B422C1A1",
          "to": "6AB2FE59EA94",
          "fromPort": "B",
          "toPort": "l",
          "context": "B"
        },
        {
          "key": "E18FE310B4DF",
          "routeType": "normal",
          "curveType": "none",
          "curviness": 0,
          "label": "Where Is?",
          "from": "B89734AB1176",
          "to": "F5304C56D206",
          "fromPort": "C",
          "toPort": "l",
          "context": "C"
        },
        {
          "key": "4E315343082B",
          "routeType": "normal",
          "curveType": "none",
          "curviness": 0,
          "label": "",
          "from": "F5304C56D206",
          "to": "AFC7789B136C",
          "fromPort": "r",
          "toPort": "l"
        },
        {
          "key": "2E23F5EA5BA6",
          "routeType": "orthogonal",
          "curveType": "none",
          "curviness": 0,
          "label": "",
          "from": "850E2E5B42BE",
          "to": "B34190BA7156",
          "fromPort": "r",
          "toPort": "l",
          "context": "false"
        },
        {
          "key": "E435C1BC06C3",
          "routeType": "normal",
          "curveType": "none",
          "curviness": 0,
          "label": "",
          "from": "3433B422C1A1",
          "to": "CC6FFC7189A7",
          "fromPort": "r",
          "toPort": "l",
          "context": "A"
        },
        {
          "key": "410DCACD697E",
          "routeType": "normal",
          "curveType": "none",
          "curviness": 0,
          "label": "",
          "from": "A18CF05FDA3F",
          "to": "71C496201FE5",
          "fromPort": "r",
          "toPort": "l"
        },
        {
          "key": "A95E943FFDB5",
          "routeType": "normal",
          "curveType": "none",
          "curviness": 0,
          "label": "",
          "from": "71C496201FE5",
          "to": "-9",
          "fromPort": "r",
          "toPort": "l"
        },
        {
          "key": "05B57EBC4E3F",
          "routeType": "normal",
          "curveType": "none",
          "curviness": 0,
          "label": "Meeting",
          "from": "B89734AB1176",
          "to": "A18CF05FDA3F",
          "fromPort": "r",
          "toPort": "l",
          "context": "A"
        },
        {
          "key": "1DEAADFB894A",
          "routeType": "normal",
          "curveType": "none",
          "curviness": 0,
          "label": "",
          "from": "74EE56AAE982",
          "to": "0BB8575500A7",
          "fromPort": "r",
          "toPort": "l"
        },
        {
          "key": "4A18E3916AEB",
          "routeType": "normal",
          "curveType": "none",
          "curviness": 0,
          "label": "",
          "from": "0BB8575500A7",
          "to": "B89734AB1176",
          "fromPort": "r",
          "toPort": "l"
        },
        {
          "key": "CAC5DAE99AED",
          "routeType": "normal",
          "curveType": "none",
          "curviness": 0,
          "label": "Help",
          "from": "B89734AB1176",
          "to": "E9E7A0DCD23F",
          "fromPort": "D",
          "toPort": "l",
          "context": "D"
        },
        {
          "key": "118428427A46",
          "routeType": "normal",
          "curveType": "none",
          "curviness": 0,
          "label": "",
          "from": "B89734AB1176",
          "to": "3433B422C1A1",
          "fromPort": "E",
          "toPort": "l",
          "context": "E"
        }
      ],
      "runStatus": "idle"
    }
  ]
}